sample,tube_folder_label,cell_label,condition,infection,timepoint,sex,age,disease,serum,batch
HLF1_QUI_IAV,HLF1_QUI_IAV,AJAZ,CTL,IAV,24,NA,42,normal,SS,batch2
HLF1_QUI_mock,HLF1_QUI_mock,AJAZ,CTL,mock,24,NA,42,normal,SS,batch2
HLF1_SEN_IAV,HLF1_SEN_IAV,AJAZ,IR,IAV,264,NA,42,normal,SS,batch2
HLF1_SEN_mock,HLF1_SEN_mock,AJAZ,IR,mock,264,NA,42,normal,SS,batch2
HLF2_QUI_IAV,HLF2_QUI_IAV,HLF250,CTL,IAV,24,Male,48,normal,SS,batch2
HLF2_QUI_mock,HLF2_QUI_mock,HLF250,CTL,mock,24,Male,48,normal,SS,batch2
HLF2_SEN_IAV,HLF2_SEN_IAV,HLF250,IR,IAV,264,Male,48,normal,SS,batch2
HLF2_SEN_mock,HLF2_SEN_mock,HLF250,IR,mock,264,Male,48,normal,SS,batch2
HLF3_QUI_IAV,HLF3_QUI_IAV,AJDL,CTL,IAV,24,NA,41,normal,SS,batch2
HLF3_QUI_mock,HLF3_QUI_mock,AJDL,CTL,mock,24,NA,41,normal,SS,batch2
HLF3_SEN_IAV,HLF3_SEN_IAV,AJDL,IR,IAV,264,NA,41,normal,SS,batch2
HLF3_SEN_mock,HLF3_SEN_mock,AJDL,IR,mock,264,NA,41,normal,SS,batch2
IPF1_QUI_IAV,IPF1_QUI_IAV,86A,CTL,IAV,24,Female,61,IPF,SS,batch1
IPF1_QUI_mock,IPF1_QUI_mock,86A,CTL,mock,24,Female,61,IPF,SS,batch1
IPF1_SEN_IAV,IPF1_SEN_IAV,86A,IR,IAV,264,Female,61,IPF,SS,batch1
IPF1_SEN_mock,IPF1_SEN_mock,86A,IR,mock,264,Female,61,IPF,SS,batch1
IPF2_QUI_IAV,IPF2_QUI_IAV,155B,CTL,IAV,24,Male,55,IPF,SS,batch1
IPF2_QUI_mock,IPF2_QUI_mock,155B,CTL,mock,24,Male,55,IPF,SS,batch1
IPF2_SEN_IAV,IPF2_SEN_IAV,155B,IR,IAV,264,Male,55,IPF,SS,batch1
IPF2_SEN_mock,IPF2_SEN_mock,155B,IR,mock,264,Male,55,IPF,SS,batch1
IPF3_QUI_IAV,IPF3_QUI_IAV,83A,CTL,IAV,24,Male,60,IPF,SS,batch2
IPF3_QUI_mock,IPF3_QUI_mock,83A,CTL,mock,24,Male,60,IPF,SS,batch2
IPF3_SEN_IAV,IPF3_SEN_IAV,83A,IR,IAV,264,Male,60,IPF,SS,batch2
IPF3_SEN_mock,IPF3_SEN_mock,83A,IR,mock,264,Male,60,IPF,SS,batch2
IPF4_QUI_IAV,IPF4_QUI_IAV,110A,CTL,IAV,24,Female,37,IPF,SS,batch2
IPF4_SEN_IAV,IPF4_SEN_IAV,110A,IR,IAV,264,Female,37,IPF,SS,batch2
IPF4_SEN_mock,IPF4_SEN_mock,110A,IR,mock,264,Female,37,IPF,SS,batch2
