sample,fastq_1,fastq_2,strandedness
L001001a,fastqs/L001001a/L001001a_1.fq.gz,fastqs/L001001a/L001001a_2.fq.gz,auto
L001001b,fastqs/L001001b/L001001b_1.fq.gz,fastqs/L001001b/L001001b_2.fq.gz,auto
L001003a,fastqs/L001003a/L001003a_1.fq.gz,fastqs/L001003a/L001003a_2.fq.gz,auto
L001007a,fastqs/L001007a/L001007a_1.fq.gz,fastqs/L001007a/L001007a_2.fq.gz,auto
L001007b,fastqs/L001007b/L001007b_1.fq.gz,fastqs/L001007b/L001007b_2.fq.gz,auto
L001009a,fastqs/L001009a/L001009a_1.fq.gz,fastqs/L001009a/L001009a_2.fq.gz,auto
L001009b,fastqs/L001009b/L001009b_1.fq.gz,fastqs/L001009b/L001009b_2.fq.gz,auto
L001013a,fastqs/L001013a/L001013a_1.fq.gz,fastqs/L001013a/L001013a_2.fq.gz,auto
L001013b,fastqs/L001013b/L001013b_1.fq.gz,fastqs/L001013b/L001013b_2.fq.gz,auto
L001015a,fastqs/L001015a/L001015a_1.fq.gz,fastqs/L001015a/L001015a_2.fq.gz,auto
L001015b,fastqs/L001015b/L001015b_1.fq.gz,fastqs/L001015b/L001015b_2.fq.gz,auto
L001019a,fastqs/L001019a/L001019a_1.fq.gz,fastqs/L001019a/L001019a_2.fq.gz,auto
L001019b,fastqs/L001019b/L001019b_1.fq.gz,fastqs/L001019b/L001019b_2.fq.gz,auto
L001021a,fastqs/L001021a/L001021a_1.fq.gz,fastqs/L001021a/L001021a_2.fq.gz,auto
L001021b,fastqs/L001021b/L001021b_1.fq.gz,fastqs/L001021b/L001021b_2.fq.gz,auto
L001025a,fastqs/L001025a/L001025a_1.fq.gz,fastqs/L001025a/L001025a_2.fq.gz,auto
L001025b,fastqs/L001025b/L001025b_1.fq.gz,fastqs/L001025b/L001025b_2.fq.gz,auto
L001027a,fastqs/L001027a/L001027a_1.fq.gz,fastqs/L001027a/L001027a_2.fq.gz,auto
L001027b,fastqs/L001027b/L001027b_1.fq.gz,fastqs/L001027b/L001027b_2.fq.gz,auto
L001031a,fastqs/L001031a/L001031a_1.fq.gz,fastqs/L001031a/L001031a_2.fq.gz,auto
L001031b,fastqs/L001031b/L001031b_1.fq.gz,fastqs/L001031b/L001031b_2.fq.gz,auto
L001033a,fastqs/L001033a/L001033a_1.fq.gz,fastqs/L001033a/L001033a_2.fq.gz,auto
L001033b,fastqs/L001033b/L001033b_1.fq.gz,fastqs/L001033b/L001033b_2.fq.gz,auto
R003001a,fastqs/R003001a/R003001a_1.fq.gz,fastqs/R003001a/R003001a_2.fq.gz,auto
R003001b,fastqs/R003001b/R003001b_1.fq.gz,fastqs/R003001b/R003001b_2.fq.gz,auto
R003002a,fastqs/R003002a/R003002a_1.fq.gz,fastqs/R003002a/R003002a_2.fq.gz,auto
R003002b,fastqs/R003002b/R003002b_1.fq.gz,fastqs/R003002b/R003002b_2.fq.gz,auto
R003005a,fastqs/R003005a/R003005a_1.fq.gz,fastqs/R003005a/R003005a_2.fq.gz,auto
R003005b,fastqs/R003005b/R003005b_1.fq.gz,fastqs/R003005b/R003005b_2.fq.gz,auto
R003006a,fastqs/R003006a/R003006a_1.fq.gz,fastqs/R003006a/R003006a_2.fq.gz,auto
R003006b,fastqs/R003006b/R003006b_1.fq.gz,fastqs/R003006b/R003006b_2.fq.gz,auto
R003013a,fastqs/R003013a/R003013a_1.fq.gz,fastqs/R003013a/R003013a_2.fq.gz,auto
R003013b,fastqs/R003013b/R003013b_1.fq.gz,fastqs/R003013b/R003013b_2.fq.gz,auto
R003014a,fastqs/R003014a/R003014a_1.fq.gz,fastqs/R003014a/R003014a_2.fq.gz,auto
R003014b,fastqs/R003014b/R003014b_1.fq.gz,fastqs/R003014b/R003014b_2.fq.gz,auto
R003017a,fastqs/R003017a/R003017a_1.fq.gz,fastqs/R003017a/R003017a_2.fq.gz,auto
R003017b,fastqs/R003017b/R003017b_1.fq.gz,fastqs/R003017b/R003017b_2.fq.gz,auto
R003018a,fastqs/R003018a/R003018a_1.fq.gz,fastqs/R003018a/R003018a_2.fq.gz,auto
R003018b,fastqs/R003018b/R003018b_1.fq.gz,fastqs/R003018b/R003018b_2.fq.gz,auto
R004001a,fastqs/R004001a/R004001a_1.fq.gz,fastqs/R004001a/R004001a_2.fq.gz,auto
R004001b,fastqs/R004001b/R004001b_1.fq.gz,fastqs/R004001b/R004001b_2.fq.gz,auto
R004002a,fastqs/R004002a/R004002a_1.fq.gz,fastqs/R004002a/R004002a_2.fq.gz,auto
R004002b,fastqs/R004002b/R004002b_1.fq.gz,fastqs/R004002b/R004002b_2.fq.gz,auto
R004005a,fastqs/R004005a/R004005a_1.fq.gz,fastqs/R004005a/R004005a_2.fq.gz,auto
R004006a,fastqs/R004006a/R004006a_1.fq.gz,fastqs/R004006a/R004006a_2.fq.gz,auto
R004006b,fastqs/R004006b/R004006b_1.fq.gz,fastqs/R004006b/R004006b_2.fq.gz,auto
R004013a,fastqs/R004013a/R004013a_1.fq.gz,fastqs/R004013a/R004013a_2.fq.gz,auto
R004013b,fastqs/R004013b/R004013b_1.fq.gz,fastqs/R004013b/R004013b_2.fq.gz,auto
R004014a,fastqs/R004014a/R004014a_1.fq.gz,fastqs/R004014a/R004014a_2.fq.gz,auto
R004014b,fastqs/R004014b/R004014b_1.fq.gz,fastqs/R004014b/R004014b_2.fq.gz,auto
R004017a,fastqs/R004017a/R004017a_1.fq.gz,fastqs/R004017a/R004017a_2.fq.gz,auto
R004017b,fastqs/R004017b/R004017b_1.fq.gz,fastqs/R004017b/R004017b_2.fq.gz,auto
R004018a,fastqs/R004018a/R004018a_1.fq.gz,fastqs/R004018a/R004018a_2.fq.gz,auto
R004018b,fastqs/R004018b/R004018b_1.fq.gz,fastqs/R004018b/R004018b_2.fq.gz,auto
R005001a,fastqs/R005001a/R005001a_1.fq.gz,fastqs/R005001a/R005001a_2.fq.gz,auto
R005001b,fastqs/R005001b/R005001b_1.fq.gz,fastqs/R005001b/R005001b_2.fq.gz,auto
R005002a,fastqs/R005002a/R005002a_1.fq.gz,fastqs/R005002a/R005002a_2.fq.gz,auto
R005002b,fastqs/R005002b/R005002b_1.fq.gz,fastqs/R005002b/R005002b_2.fq.gz,auto
R005005a,fastqs/R005005a/R005005a_1.fq.gz,fastqs/R005005a/R005005a_2.fq.gz,auto
R005005b,fastqs/R005005b/R005005b_1.fq.gz,fastqs/R005005b/R005005b_2.fq.gz,auto
R005006a,fastqs/R005006a/R005006a_1.fq.gz,fastqs/R005006a/R005006a_2.fq.gz,auto
R005006b,fastqs/R005006b/R005006b_1.fq.gz,fastqs/R005006b/R005006b_2.fq.gz,auto
